,ID,Test Name,Action,Description,Image(s) Used,,,,,,,,,,,,,,,,,,,
Color Accuracy,,,,,,,,,,,,,,,,,,,,,,,,
,CL-01,sRGB color checker patches match expected RGB values,Samples pixels at patch coordinates and computes CIE76 Delta-E against expected sRGB values (threshold ≤ 5),"Reads the sRGB color checker image and its companion JSON file containing known patch coordinates and expected RGB values. Samples the actual pixel color at each coordinate using sharp, then computes the CIE76 Delta-E perceptual color difference between expected and actual. Fails if any patch exceeds a Delta-E of 5, which would indicate a visible color shift.",c-color-checker-srgb.jpg + c-color-checker-srgb.json,,,,,,,,,,,,,,,,,,,
,CL-02,Adobe RGB color checker patches within Delta-E of sRGB targets,Same patch sampling with wider gamut tolerance (threshold ≤ 25) for Adobe RGB color space conversion,Reads the Adobe RGB color checker image (tagged with an Adobe RGB ICC profile) and its JSON file listing sRGB-converted target values. Samples pixels at each patch coordinate and computes Delta-E against the sRGB targets. Uses a wider threshold of 25 to account for gamut mapping differences when converting from Adobe RGB to sRGB.,c-color-checker-adobergb.jpg + c-color-checker-adobergb.json,,,,,,,,,,,,,,,,,,,
,CL-03,ProPhoto RGB color checker patches within Delta-E of sRGB targets,Same patch sampling with wider gamut tolerance (threshold ≤ 25) for ProPhoto RGB gamut,"Same approach as CL-02 but for ProPhoto RGB, the widest gamut commonly used by cameras. Reads the ProPhoto-tagged image and its JSON targets, samples pixels, and checks Delta-E ≤ 25. ProPhoto has a much larger gamut than sRGB so conversion errors are expected to be larger than Adobe RGB.",c-color-checker-prophoto.jpg + c-color-checker-prophoto.json,,,,,,,,,,,,,,,,,,,
,CL-04,Custom ICC profile image has embedded ICC profile,Checks that sharp detects an ICC profile in the image metadata,"Opens the custom ICC profile image with sharp and inspects its metadata to confirm an ICC profile buffer is present. This validates that the test fixture was correctly prepared with an embedded profile, which is a prerequisite for testing whether SmugMug preserves or converts custom profiles.",c-color-icc-custom.jpg,,,,,,,,,,,,,,,,,,,
,CL-05,Untagged image has no embedded ICC profile,Confirms no ICC profile is present in the untagged fixture,"Opens the untagged image with sharp and confirms the ICC metadata field is falsy (null or undefined). This is the negative control for CL-04 — it ensures the fixture genuinely has no profile, so any test comparing tagged vs untagged behavior has a clean baseline.",c-color-untagged.jpg,,,,,,,,,,,,,,,,,,,
,CL-06,CMYK image is detected as CMYK color space,Verifies metadata.space === cmyk,"Opens the CMYK test image with sharp and checks that metadata.space reports 'cmyk' and channels is 4. This confirms the fixture is a genuine CMYK file rather than an RGB file with a misleading name, which would invalidate any downstream CMYK conversion tests.",c-color-cmyk.jpg,,,,,,,,,,,,,,,,,,,
,CL-07,16-bit gradient has smooth tonal transitions,Measures mean adjacent pixel difference along the middle row (must be < 5),"Reads the 16-bit TIFF gradient image, converts it to 8-bit greyscale via sharp, then walks across the middle row measuring the absolute difference between each adjacent pixel pair. Computes the mean of all those differences. A smooth gradient should have a very low mean (< 5). High values indicate banding from bit-depth reduction or compression.",c-color-16bit-gradient.tiff,,,,,,,,,,,,,,,,,,,
,CL-08,Black and white point pixels match expected values,Samples black/white/midgray patches at known coordinates (Delta-E ≤ 5),"Reads the black/white test image and its JSON file specifying the exact coordinates of pure black, pure white, and mid-gray patches. Samples the actual RGB at each coordinate and computes Delta-E against the expected values. Fails if any patch exceeds Delta-E 5, catching level shifts where blacks get lifted or whites get crushed.",c-color-blackwhite.jpg + c-color-blackwhite.json,,,,,,,,,,,,,,,,,,,
,CL-09,Grayscale ramp steps match expected luminance values,Samples 11 grayscale steps and compares measured luminance to expected values (tolerance ≤ 15),"Reads the 11-step grayscale ramp image and its JSON file listing the expected luminance (0–255) at each step's coordinate. Samples the actual pixel, computes weighted luminance (0.299R + 0.587G + 0.114B), and compares against the expected value. Fails if any step differs by more than 15, which would indicate gamma curve errors or tone mapping issues.",c-color-grayscale-ramp.jpg + c-color-grayscale-ramp.json,,,,,,,,,,,,,,,,,,,
,CL-10,Saturated color patches match expected RGB values,Samples R/G/B/C/M/Y patches (Delta-E ≤ 5),"Reads the saturated patches image containing solid Red, Green, Blue, Cyan, Magenta, and Yellow blocks. Uses the companion JSON to locate each patch's center coordinate and expected RGB. Samples actual pixels and computes Delta-E. Fails if any patch exceeds 5, catching desaturation or hue rotation in the most visually obvious colors.",c-color-saturated-patches.jpg + c-color-saturated-patches.json,,,,,,,,,,,,,,,,,,,
,,,,,,,,,,,,,,,,,,,,,,,,
Image Quality,,,,,,,,,,,,,,,,,,,,,,,,
,IQ-01,Candidate image is readable and has valid dimensions,Verifies width and height > 0,"Opens quality-detail.jpg with sharp and reads its metadata. Verifies both width and height are greater than zero. This is a fast smoke test that catches corrupted files, truncated downloads, or images with malformed headers before running more expensive quality checks.",quality-detail.jpg,,,,,,,,,,,,,,,,,,,
,IQ-02,Candidate SSIM vs baseline meets quality threshold,Downsamples both to 1600px wide and computes SSIM (must be ≥ 0.92),"Loads both the lossless PNG baseline and the JPEG candidate, downsamples each to 1600px wide using sharp (to keep the comparison fast on large images), converts to greyscale, then computes the Structural Similarity Index (SSIM) between them. SSIM ranges from 0 to 1 where 1 is identical. Fails if below 0.92, indicating visible structural degradation.",quality-reference.png + quality-detail.jpg,,,,,,,,,,,,,,,,,,,
,IQ-03,Candidate file size is non-trivial,File size > 10KB,"Reads quality-detail.jpg from disk and checks that the buffer length exceeds 10,000 bytes. Catches empty files, truncated writes, or placeholder stubs that might pass dimension checks but contain no real image data.",quality-detail.jpg,,,,,,,,,,,,,,,,,,,
,IQ-04,Baseline file size is non-trivial,File size > 10KB,"Same check as IQ-03 but for quality-reference.png. Ensures the lossless reference image itself isn't corrupted or empty, since it's used as the ground truth for SSIM and other comparisons.",quality-reference.png,,,,,,,,,,,,,,,,,,,
,IQ-05,Candidate is a valid JPEG,First 3 bytes are FF D8 FF,"Reads the first 3 bytes of quality-detail.jpg and verifies they are 0xFF 0xD8 0xFF, the JPEG magic number. Catches files that have a .jpg extension but aren't actually JPEG format (e.g., a renamed PNG or a file with a corrupted header).",quality-detail.jpg,,,,,,,,,,,,,,,,,,,
,IQ-06,Baseline is a valid PNG,First 4 bytes are 89 50 4E 47,"Reads the first 4 bytes of quality-reference.png and verifies they are 0x89 0x50 0x4E 0x47 (the PNG signature). Ensures the lossless baseline is genuinely PNG format, not a misnamed JPEG or corrupted file.",quality-reference.png,,,,,,,,,,,,,,,,,,,
,IQ-07,Candidate image sharpness meets minimum threshold,Laplacian variance > 50 (downsampled to 1600px),"Downsamples quality-detail.jpg to 1600px wide, converts to greyscale, then applies a 3x3 Laplacian edge-detection kernel to every interior pixel. Computes the variance of the Laplacian responses. Sharp images with fine detail produce high variance (> 50). Low variance indicates the image has been over-smoothed or had sharpening stripped.",quality-detail.jpg,,,,,,,,,,,,,,,,,,,
,IQ-08,quality-noisy.jpg has measurable sharpness variance,Laplacian variance > 50,Same Laplacian variance measurement as IQ-07 but on the high-ISO noisy image. Verifies the fixture has enough texture and grain to produce meaningful variance (> 50). A flat or blank image would break sharpness comparison tests that depend on this fixture.,quality-noisy.jpg,,,,,,,,,,,,,,,,,,,
,IQ-09,Candidate and baseline have matching aspect ratio,Aspect ratio difference ≤ 0.05,"Reads metadata for both quality-reference.png and quality-detail.jpg, computes width/height ratio for each, and checks the absolute difference is ≤ 0.05. Catches unexpected cropping or padding that might have been introduced during format conversion or resizing of the test fixtures.",quality-reference.png + quality-detail.jpg,,,,,,,,,,,,,,,,,,,
,,,,,,,,,,,,,,,,,,,,,,,,
Image Render,,,,,,,,,,,,,,,,,,,,,,,,
,IR-Ti-render,Image renders and is visible at Ti 100x75,Loads image in browser at 100x75 viewport and verifies naturalWidth > 0,"Opens a new browser page at 100x75 viewport, injects the test image as a base64 data URL into an HTML page, waits for the image element to report complete with naturalWidth > 0. Verifies the browser can decode and display the image at the smallest SmugMug size tier.",c-sizing-landscape.jpg,,,,,,,,,,,,,,,,,,,
,IR-Ti-baseline,Screenshot matches baseline at Ti 100x75,Compares screenshot against saved baseline PNG,"Same setup as the render test, then takes a screenshot of the image element and compares it byte-for-byte against a saved baseline PNG in tests/baselines/. On first run (no baseline exists), saves the screenshot as the new baseline. Detects any pixel-level change in how the browser renders the image at this viewport size.",c-sizing-landscape.jpg,,,,,,,,,,,,,,,,,,,
,IR-Th-render,Image renders and is visible at Th 150x112,Loads image in browser at 150x112 viewport and verifies naturalWidth > 0,Same as IR-Ti-render but at 150x112 viewport (Thumbnail tier),c-sizing-landscape.jpg,,,,,,,,,,,,,,,,,,,
,IR-Th-baseline,Screenshot matches baseline at Th 150x112,Compares screenshot against saved baseline PNG,Same as IR-Ti-baseline but at 150x112 viewport,c-sizing-landscape.jpg,,,,,,,,,,,,,,,,,,,
,IR-S-render,Image renders and is visible at S 400x300,Loads image in browser at 400x300 viewport and verifies naturalWidth > 0,Same as IR-Ti-render but at 400x300 viewport (Small tier),c-sizing-landscape.jpg,,,,,,,,,,,,,,,,,,,
,IR-S-baseline,Screenshot matches baseline at S 400x300,Compares screenshot against saved baseline PNG,Same as IR-Ti-baseline but at 400x300 viewport,c-sizing-landscape.jpg,,,,,,,,,,,,,,,,,,,
,IR-M-render,Image renders and is visible at M 600x450,Loads image in browser at 600x450 viewport and verifies naturalWidth > 0,Same as IR-Ti-render but at 600x450 viewport (Medium tier),c-sizing-landscape.jpg,,,,,,,,,,,,,,,,,,,
,IR-M-baseline,Screenshot matches baseline at M 600x450,Compares screenshot against saved baseline PNG,Same as IR-Ti-baseline but at 600x450 viewport,c-sizing-landscape.jpg,,,,,,,,,,,,,,,,,,,
,IR-L-render,Image renders and is visible at L 800x600,Loads image in browser at 800x600 viewport and verifies naturalWidth > 0,Same as IR-Ti-render but at 800x600 viewport (Large tier),c-sizing-landscape.jpg,,,,,,,,,,,,,,,,,,,
,IR-L-baseline,Screenshot matches baseline at L 800x600,Compares screenshot against saved baseline PNG,Same as IR-Ti-baseline but at 800x600 viewport,c-sizing-landscape.jpg,,,,,,,,,,,,,,,,,,,
,IR-XL-render,Image renders and is visible at XL 1024x768,Loads image in browser at 1024x768 viewport and verifies naturalWidth > 0,Same as IR-Ti-render but at 1024x768 viewport (XLarge tier),c-sizing-landscape.jpg,,,,,,,,,,,,,,,,,,,
,IR-XL-baseline,Screenshot matches baseline at XL 1024x768,Compares screenshot against saved baseline PNG,Same as IR-Ti-baseline but at 1024x768 viewport,c-sizing-landscape.jpg,,,,,,,,,,,,,,,,,,,
,IR-X2-render,Image renders and is visible at X2 1280x960,Loads image in browser at 1280x960 viewport and verifies naturalWidth > 0,Same as IR-Ti-render but at 1280x960 viewport (X2Large tier),c-sizing-landscape.jpg,,,,,,,,,,,,,,,,,,,
,IR-X2-baseline,Screenshot matches baseline at X2 1280x960,Compares screenshot against saved baseline PNG,Same as IR-Ti-baseline but at 1280x960 viewport,c-sizing-landscape.jpg,,,,,,,,,,,,,,,,,,,
,IR-X3-render,Image renders and is visible at X3 1600x1200,Loads image in browser at 1600x1200 viewport and verifies naturalWidth > 0,Same as IR-Ti-render but at 1600x1200 viewport (X3Large tier),c-sizing-landscape.jpg,,,,,,,,,,,,,,,,,,,
,IR-X3-baseline,Screenshot matches baseline at X3 1600x1200,Compares screenshot against saved baseline PNG,Same as IR-Ti-baseline but at 1600x1200 viewport,c-sizing-landscape.jpg,,,,,,,,,,,,,,,,,,,
,IR-X4-render,Image renders and is visible at X4 1920x1440,Loads image in browser at 1920x1440 viewport and verifies naturalWidth > 0,Same as IR-Ti-render but at 1920x1440 viewport (X4Large tier),c-sizing-landscape.jpg,,,,,,,,,,,,,,,,,,,
,IR-X4-baseline,Screenshot matches baseline at X4 1920x1440,Compares screenshot against saved baseline PNG,Same as IR-Ti-baseline but at 1920x1440 viewport,c-sizing-landscape.jpg,,,,,,,,,,,,,,,,,,,
,IR-X5-render,Image renders and is visible at X5 2048x1536,Loads image in browser at 2048x1536 viewport and verifies naturalWidth > 0,Same as IR-Ti-render but at 2048x1536 viewport (X5Large tier),c-sizing-landscape.jpg,,,,,,,,,,,,,,,,,,,
,IR-X5-baseline,Screenshot matches baseline at X5 2048x1536,Compares screenshot against saved baseline PNG,Same as IR-Ti-baseline but at 2048x1536 viewport,c-sizing-landscape.jpg,,,,,,,,,,,,,,,,,,,
,IR-4K-render,Image renders and is visible at 4K 3840x2160,Loads image in browser at 3840x2160 viewport and verifies naturalWidth > 0,Same as IR-Ti-render but at 3840x2160 viewport (4K tier),c-sizing-landscape.jpg,,,,,,,,,,,,,,,,,,,
,IR-4K-baseline,Screenshot matches baseline at 4K 3840x2160,Compares screenshot against saved baseline PNG,Same as IR-Ti-baseline but at 3840x2160 viewport,c-sizing-landscape.jpg,,,,,,,,,,,,,,,,,,,
,IR-5K-render,Image renders and is visible at 5K 5120x2880,Loads image in browser at 5120x2880 viewport and verifies naturalWidth > 0,Same as IR-Ti-render but at 5120x2880 viewport (5K tier),c-sizing-landscape.jpg,,,,,,,,,,,,,,,,,,,
,IR-5K-baseline,Screenshot matches baseline at 5K 5120x2880,Compares screenshot against saved baseline PNG,Same as IR-Ti-baseline but at 5120x2880 viewport,c-sizing-landscape.jpg,,,,,,,,,,,,,,,,,,,
,IR-O-render,Image renders and is visible at O 1280x720,Loads image in browser at 1280x720 viewport and verifies naturalWidth > 0,Same as IR-Ti-render but at 1280x720 viewport (Original tier),c-sizing-landscape.jpg,,,,,,,,,,,,,,,,,,,
,IR-O-baseline,Screenshot matches baseline at O 1280x720,Compares screenshot against saved baseline PNG,Same as IR-Ti-baseline but at 1280x720 viewport,c-sizing-landscape.jpg,,,,,,,,,,,,,,,,,,,
,,,,,,,,,,,,,,,,,,,,,,,,
Image Sizing,,,,,,,,,,,,,,,,,,,,,,,,
,SZ-01,Landscape image has correct dimensions,Expected 6000x4000,Opens c-sizing-landscape.jpg with sharp and reads width and height from metadata. Asserts width is exactly 6000 and height is exactly 4000. Validates the canonical landscape fixture has the precise dimensions that other sizing and render tests depend on.,c-sizing-landscape.jpg,,,,,,,,,,,,,,,,,,,
,SZ-02,Portrait image has correct dimensions,Expected 4000x6000,"Opens c-sizing-portrait.jpg with sharp and asserts width is 4000 and height is 6000. Ensures the portrait fixture wasn't accidentally rotated, cropped, or resized, which would invalidate portrait-specific sizing tests.",c-sizing-portrait.jpg,,,,,,,,,,,,,,,,,,,
,SZ-03,Square image has equal width and height,Expected 5000x5000,"Opens c-sizing-square.jpg with sharp and asserts both width and height are 5000. Verifies the square fixture is genuinely square, since 1:1 aspect ratios are an edge case that can expose rounding bugs in resize logic.",c-sizing-square.jpg,,,,,,,,,,,,,,,,,,,
,SZ-04,Panoramic image has extreme landscape aspect ratio,"Expected 12000x2000, ratio > 5","Opens c-sizing-panoramic.jpg with sharp and asserts width is 12000, height is 2000, and the width/height ratio exceeds 5. Validates the extreme landscape fixture that tests whether thumbnail generation and crop logic handle very wide images without padding or cropping.",c-sizing-panoramic.jpg,,,,,,,,,,,,,,,,,,,
,SZ-05,Tall image has extreme portrait aspect ratio,"Expected 2000x10000, ratio > 4","Opens c-sizing-tall.jpg with sharp and asserts width is 2000, height is 10000, and the height/width ratio exceeds 4. Validates the extreme portrait fixture for testing height-dominant layout calculations and overflow handling.",c-sizing-tall.jpg,,,,,,,,,,,,,,,,,,,
,SZ-06,Small image has correct dimensions,Expected 400x300,"Opens c-sizing-small.jpg with sharp and asserts width is 400 and height is 300. This fixture is used for browser data URL tests and upscaling checks, so its exact dimensions must be known and stable.",c-sizing-small.jpg,,,,,,,,,,,,,,,,,,,
,SZ-07,Small image renders at correct natural dimensions in browser,Browser naturalWidth/naturalHeight matches buffer dimensions,"Reads c-sizing-small.jpg dimensions from sharp, then loads it as a base64 data URL in a Playwright browser page. Waits for the image to fully load, then reads naturalWidth and naturalHeight from the DOM. Asserts both match the sharp-reported dimensions exactly, catching browser decoding bugs where reported size diverges from actual pixel data.",c-sizing-small.jpg,,,,,,,,,,,,,,,,,,,
,,,,,,,,,,,,,,,,,,,,,,,,
EXIF Orientation,,,,,,,,,,,,,,,,,,,,,,,,
,OR-01 (x16),All orientation images have valid EXIF orientation tag,Orientation tag is numeric 1-8 using translateValues: false,Parses each of the 16 orientation test images (8 landscape + 8 portrait) using exifr with translateValues: false to get the raw numeric orientation tag. Asserts each tag is between 1 and 8 inclusive. Catches images where the EXIF orientation tag was stripped or corrupted during file preparation.,"Landscape_{1-8}-*.jpg, Portrait_{1-8}-*.jpg",,,,,,,,,,,,,,,,,,,
,OR-02 (x16),Each orientation image matches its expected tag value,Each image's tag matches its expected value 1 through 8,"Same parsing as OR-01 but asserts each image's orientation tag matches the specific expected value (e.g., Landscape_3 should have tag 3, Portrait_6 should have tag 6). Catches images where the tag is present but has the wrong value, such as a 90-degree image incorrectly tagged as 180.","Landscape_{1-8}-*.jpg, Portrait_{1-8}-*.jpg",,,,,,,,,,,,,,,,,,,
,OR-03 (x16),All orientation images have valid non-zero dimensions,Width and height > 0,Opens each of the 16 orientation images with sharp and asserts width > 0 and height > 0. A bulk integrity check that catches format corruption specific to certain orientation tags — some JPEG encoders produce invalid files for uncommon orientations like 5 or 7.,"Landscape_{1-8}-*.jpg, Portrait_{1-8}-*.jpg",,,,,,,,,,,,,,,,,,,
,OR-04,Landscape_1-Normal.jpg has landscape aspect ratio,width > height,"Opens Landscape_1-Normal.jpg with sharp and asserts width > height. This is the ground truth check — orientation tag 1 means no rotation needed, so the raw pixel dimensions should already be landscape (wider than tall).",Landscape_1-Normal.jpg,,,,,,,,,,,,,,,,,,,
,OR-05,Portrait_1-Normal.jpg has portrait aspect ratio,height > width,Opens Portrait_1-Normal.jpg with sharp and asserts height > width. Same ground truth check for the portrait series — raw pixels should already be taller than wide with no rotation needed.,Portrait_1-Normal.jpg,,,,,,,,,,,,,,,,,,,
,OR-06,Landscape_6 (6000x4000 variant) has expected dimensions,Expected 6000x4000,"Opens the high-resolution 6000x4000 orientation-6 variant with sharp and asserts width is 6000 and height is 4000. This dedicated large-format image has genuinely different raw pixel dimensions from the standard 600x450 orientation set, making it suitable for testing dimension-swap behavior in orientation-aware display logic.",c-Landscape_6-Rotated-90-CW-6000x4000.jpg,,,,,,,,,,,,,,,,,,,
,OR-07,Landscape_3 (180°) has same dimensions as Landscape_1,Identical width and height,Opens both Landscape_1-Normal.jpg and Landscape_3-Rotated-180.jpg with sharp and asserts they have identical width and height. A 180-degree rotation should never change dimensions — this catches bugs where rotation logic incorrectly swaps width and height for non-90-degree rotations.,"Landscape_3-Rotated-180.jpg, Landscape_1-Normal.jpg",,,,,,,,,,,,,,,,,,,
,OR-08,Orientation reference images are valid,Both have positive dimensions,Opens both Landscape_orientation-reference.jpg and Portrait-orientation-reference.jpg with sharp and asserts each has width > 0 and height > 0. Validates the visual reference images (used for manual side-by-side comparison) are intact and readable.,"Landscape_orientation-reference.jpg, Portrait-orientation-reference.jpg",,,,,,,,,,,,,,,,,,,
,,,,,,,,,,,,,,,,,,,,,,,,
Metadata Preservation,,,,,,,,,,,,,,,,,,,,,,,,
,MP-01,Camera make is present in metadata-rich.jpg,Make field is truthy,"Parses metadata-rich.jpg with exifr and asserts the Make field is truthy (not undefined, null, or empty string). Make identifies the camera manufacturer (e.g., Canon, Nikon) and is one of the most commonly displayed metadata fields in photo info panels.",metadata-rich.jpg,,,,,,,,,,,,,,,,,,,
,MP-02,Camera model is present in metadata-rich.jpg,Model field is truthy,"Parses metadata-rich.jpg with exifr and asserts the Model field is truthy. Model identifies the specific camera body (e.g., EOS R5, Z9) and is displayed alongside Make in photo info panels.",metadata-rich.jpg,,,,,,,,,,,,,,,,,,,
,MP-03,Exposure time is present in metadata-rich.jpg,ExposureTime defined and > 0,Parses metadata-rich.jpg with exifr and asserts ExposureTime is defined and greater than 0. ExposureTime (shutter speed) is a core shooting parameter that photographers rely on seeing in image details.,metadata-rich.jpg,,,,,,,,,,,,,,,,,,,
,MP-04,Aperture (FNumber) is present in metadata-rich.jpg,FNumber defined and > 0,Parses metadata-rich.jpg with exifr and asserts FNumber is defined and greater than 0. FNumber (aperture) is part of the exposure triangle and is critical for photographers evaluating depth of field.,metadata-rich.jpg,,,,,,,,,,,,,,,,,,,
,MP-05,ISO is present in metadata-rich.jpg,ISO or ISOSpeedRatings present,"Parses metadata-rich.jpg with exifr looking for both ISO and ISOSpeedRatings tags, and asserts at least one is present. Cameras inconsistently use these two tag names for the same value, so both must be checked.",metadata-rich.jpg,,,,,,,,,,,,,,,,,,,
,MP-06,Focal length is present in metadata-rich.jpg,FocalLength defined and > 0,Parses metadata-rich.jpg with exifr and asserts FocalLength is defined and greater than 0. Focal length is essential for photographers comparing lens performance and is commonly displayed in photo info panels.,metadata-rich.jpg,,,,,,,,,,,,,,,,,,,
,MP-07,DateTimeOriginal is present in metadata-rich.jpg,Valid parseable date,"Parses metadata-rich.jpg with exifr, extracts DateTimeOriginal, converts it to a JavaScript Date, and asserts it's a valid parseable date (not NaN). This is the most important metadata field for photo organization — it drives timeline views, sorting, and date-based search.",metadata-rich.jpg,,,,,,,,,,,,,,,,,,,
,MP-08,metadata-stripped.jpg has no camera EXIF fields,"Make, Model, ISO, FNumber, ExposureTime all absent","Parses metadata-stripped.jpg with exifr looking specifically for Make, Model, ISO, FNumber, and ExposureTime. Asserts none of these fields are present. This is the negative control — it confirms the stripped fixture is genuinely stripped so that 'missing metadata' assertions in other tests are meaningful.",metadata-stripped.jpg,,,,,,,,,,,,,,,,,,,
,MP-09,metadata-iptc.jpg has IPTC metadata present,Parseable data with > 0 fields,"Parses metadata-iptc.jpg with exifr using iptc: true and all: true options, then asserts the result is non-null and contains more than zero fields. Validates the IPTC fixture actually has embedded caption/keyword data that downstream IPTC-specific tests depend on.",metadata-iptc.jpg,,,,,,,,,,,,,,,,,,,
,MP-10,All orientation test images are valid and readable,"Valid JPEG magic bytes, positive dimensions","Scans TEST_IMAGES_DIR for files matching Landscape_{1-8} and Portrait_{1-8} patterns. For each file, checks the first two bytes are 0xFF 0xD8 (JPEG magic number), then opens with sharp and asserts width > 0 and height > 0. A bulk integrity check that catches corrupted orientation fixtures before they cause confusing failures in OR tests.","Landscape_{1-8}-*.jpg, Portrait_{1-8}-*.jpg",,,,,,,,,,,,,,,,,,,
,,,,,,,,,,,,,,,,,,,,,,,,
Metadata API,,,,,,,,,,,,,,,,,,,,,,,,
,MA-01,metadata-rich.jpg EXIF contains required fields,"Make, Model, ExposureTime, FNumber, FocalLength present","Parses metadata-rich.jpg with exifr using all: true, then checks for the presence of Make, Model, ExposureTime, FNumber, and FocalLength. Collects any missing fields and fails if any are absent. This validates the primary metadata fixture has the complete set of camera fields that all downstream metadata tests depend on.",metadata-rich.jpg,,,,,,,,,,,,,,,,,,,
,MA-02,metadata-rich.jpg image format is JPEG,format === jpeg,"Opens metadata-rich.jpg with sharp and reads the format field from metadata. Asserts it equals 'jpeg'. Catches format misidentification where a file has a .jpg extension but sharp detects a different format, which would indicate file corruption.",metadata-rich.jpg,,,,,,,,,,,,,,,,,,,
,MA-03,metadata-rich.jpg EXIF DateTimeOriginal is a valid date,"Parseable date, year > 1990","Parses metadata-rich.jpg with exifr extracting only DateTimeOriginal. If present, converts to a JavaScript Date and asserts it's valid (not NaN) and the year is greater than 1990. Catches malformed date strings that would break date-based sorting or display.",metadata-rich.jpg,,,,,,,,,,,,,,,,,,,
,,,,,,,,,,,,,,,,,,,,,,,,
Metadata Display,,,,,,,,,,,,,,,,,,,,,,,,
,MD-01,Candidate image loads in browser without console errors,No console errors or page errors during load,"Attaches listeners for console errors and page errors, then loads metadata-iptc.jpg as a base64 data URL in a Playwright browser page. Waits for the image to fully load (complete === true and naturalWidth > 0). Asserts zero errors were captured. Catches JavaScript decode errors, CORS issues, or malformed data URLs.",metadata-iptc.jpg,,,,,,,,,,,,,,,,,,,
,MD-02,Candidate image src attribute is set correctly,src contains data:image,"Loads metadata-iptc.jpg as a data URL in a browser page, waits for full load, then reads the src attribute from the img element. Asserts it's truthy and contains the string 'data:image'. Validates the data URL was correctly constructed — a malformed src would show a broken image icon.",metadata-iptc.jpg,,,,,,,,,,,,,,,,,,,
,MD-03,Candidate naturalWidth in browser matches buffer width,Browser naturalWidth === sharp metadata width,"Reads metadata-iptc.jpg width from sharp metadata, then loads the same image as a data URL in a browser page. Reads naturalWidth from the DOM img element and asserts it exactly matches the sharp-reported width. Catches browser decoding discrepancies where the rendered size doesn't match the file's actual pixel dimensions.",metadata-iptc.jpg,,,,,,,,,,,,,,,,,,,
,MD-04,Candidate naturalHeight in browser matches buffer height,Browser naturalHeight === sharp metadata height,"Same approach as MD-03 but for height. Reads sharp metadata height, loads in browser, reads naturalHeight from DOM, asserts exact match. Important for layout calculations that depend on accurate natural dimensions.",metadata-iptc.jpg,,,,,,,,,,,,,,,,,,,
,MD-05,metadata-rich.jpg EXIF Make and Model are non-empty,Non-empty trimmed strings,"Parses metadata-rich.jpg with exifr extracting Make and Model. For each field that exists, asserts it's a string type and that trimming whitespace leaves a non-empty result. Catches cases where fields exist in EXIF but contain empty strings or only whitespace, which would show blank in a UI info panel.",metadata-rich.jpg,,,,,,,,,,,,,,,,,,,
,MD-06,metadata-stripped.jpg loads cleanly in browser,"Loads with naturalWidth > 0, no page errors","Attaches a page error listener, loads metadata-stripped.jpg as a data URL in a browser page, waits for full load, then asserts naturalWidth > 0 and zero page errors. Ensures images with completely stripped metadata don't cause browser decode errors — the viewer must handle missing EXIF gracefully.",metadata-stripped.jpg,,,,,,,,,,,,,,,,,,,
,,,,,,,,,,,,,,,,,,,,,,,,
Point of Interest,,,,,,,,,,,,,,,,,,,,,,,,
,POI-01,POI test image loads and has valid dimensions,Width and height > 0,Opens c-poi-test.jpg with sharp and asserts width > 0 and height > 0. A smoke test ensuring the POI fixture is readable before running more expensive brightness centroid calculations.,c-poi-test.jpg,,,,,,,,,,,,,,,,,,,
,POI-02,POI image brightness centroid is within image bounds,"Centroid (cx, cy) both between 0 and 1","Downsamples c-poi-test.jpg to 100x100 greyscale, then computes the brightness-weighted centroid by summing x*luminance and y*luminance across all pixels. Normalizes to 0–1 range. Asserts both cx and cy are between 0 and 1 exclusive. Validates the centroid algorithm produces sane coordinates.",c-poi-test.jpg,,,,,,,,,,,,,,,,,,,
,POI-03,Reference image brightness centroid is within image bounds,"Centroid (cx, cy) both between 0 and 1","Same brightness centroid calculation as POI-02 but on c-sizing-landscape.jpg (a different image with different content). Asserts cx and cy are between 0 and 1. Ensures the algorithm works across different content types, not just the POI-specific fixture.",c-sizing-landscape.jpg,,,,,,,,,,,,,,,,,,,
,POI-04,POI image brightness centroid is in the top-left quadrant,cx < 0.6 and cy < 0.6,"Computes the brightness centroid of c-poi-test.jpg (same method as POI-02) and asserts cx < 0.6 and cy < 0.6. The test image has its subject (a bright region) placed in the top-left area, so the centroid should be biased toward that quadrant. Catches crop logic that would center on the wrong region.",c-poi-test.jpg,,,,,,,,,,,,,,,,,,,
,POI-05,POI image center region is not blank,Center 20x20 region mean luminance between 5 and 250,"Downsamples c-poi-test.jpg to 100x100 greyscale, then samples the center 20x20 pixel region (rows 40–59, columns 40–59). Computes mean luminance of that region and asserts it's between 5 and 250. Ensures the image has actual content in the center — a completely black or white center would make centroid tests meaningless.",c-poi-test.jpg,,,,,,,,,,,,,,,,,,,
,,,,,,,,,,,,,,,,,,,,,,,,
Resolution Cap,,,,,,,,,,,,,,,,,,,,,,,,
,RC-01,Candidate longest edge does not exceed resolution cap,Longest edge ≤ TEST_RESOLUTION_CAP_MAX (skipped if not set),"Reads c-resolution-cap-test.jpg dimensions from sharp, computes the longest edge (max of width and height), and asserts it's ≤ TEST_RESOLUTION_CAP_MAX. Skipped entirely if the env var is not set. When active, enforces the maximum display resolution to catch images that bypass the downscaling pipeline.",c-resolution-cap-test.jpg,,,,,,,,,,,,,,,,,,,
,RC-02,Resolution chart longest edge does not exceed resolution cap,Longest edge ≤ TEST_RESOLUTION_CAP_MAX (skipped if not set),Same longest-edge check as RC-01 but on quality-resolution-chart.jpg. Tests a different image type (fine-line resolution chart vs photographic content) that might take a different code path through the resize pipeline. Also skipped if TEST_RESOLUTION_CAP_MAX is not set.,quality-resolution-chart.jpg,,,,,,,,,,,,,,,,,,,
,RC-03,All test images have valid dimensions within sane bounds,"Every image: width > 0, height > 0, longest edge ≤ 15000","Scans every image file in TEST_IMAGES_DIR (filtering by common image extensions), opens each with sharp, and asserts width > 0, height > 0, and longest edge ≤ 15000. A bulk sanity check that catches accidentally huge or zero-dimension images that would cause confusing failures or timeouts in other tests.",All images in TEST_IMAGES_DIR,,,,,,,,,,,,,,,,,,,
,RC-04,quality-resolution-chart.jpg has valid dimensions,"Positive dimensions, longest edge ≤ 15000","Opens quality-resolution-chart.jpg with sharp and asserts width > 0, height > 0, and longest edge ≤ 15000. Validates the resolution chart fixture specifically since it's used for fine-detail sharpness analysis in IQ tests.",quality-resolution-chart.jpg,,,,,,,,,,,,,,,,,,,
,,,,,,,,,,,,,,,,,,,,,,,,
Watermark,,,,,,,,,,,,,,,,,,,,,,,,
,WM-01,Watermark test image loads and is visible in browser,Loads in browser with naturalWidth > 0,"Loads c-sizing-small.jpg as a base64 data URL in a Playwright browser page, waits for the image to fully load, and asserts naturalWidth > 0. A basic browser rendering check using the small fixture (safe data URL size) to ensure the test infrastructure works before running pixel analysis.",c-sizing-small.jpg,,,,,,,,,,,,,,,,,,,
,WM-02,Watermark test image has valid dimensions,Width and height > 0,Opens c-watermark-test.jpg with sharp and asserts width > 0 and height > 0. A smoke test for the watermark fixture — catches file corruption before running the more expensive uniform block analysis.,c-watermark-test.jpg,,,,,,,,,,,,,,,,,,,
,WM-03,Watermark test image has no large uniform rectangular region,Fewer than 95/100 10x10 blocks have variance < 2,"Downsamples c-watermark-test.jpg to 100x100 greyscale, divides it into a 10x10 grid of 10x10-pixel blocks, and computes the pixel variance within each block. Counts how many blocks have variance < 2 (nearly uniform). Asserts fewer than 95 out of 100 blocks are uniform. Watermark overlays typically appear as uniform rectangular regions stamped onto the image.",c-watermark-test.jpg,,,,,,,,,,,,,,,,,,,
,WM-04,Watermark test image has sufficient tonal variation,Tonal range (max - min luminance) > 20,Downsamples c-watermark-test.jpg to 200x200 greyscale and scans all pixels to find the minimum and maximum luminance values. Computes the tonal range (max - min) and asserts it exceeds 20. Ensures the image has enough contrast for watermark detection to be meaningful — a completely flat image would make pixel-diff watermark tests useless.,c-watermark-test.jpg,,,,,,,,,,,,,,,,,,,
,WM-05,Orientation test images have no uniform watermark blocks,Each image has < 20 uniform blocks,"Scans TEST_IMAGES_DIR for Landscape_{1-8} and Portrait_{1-8} files. For each, performs the same 10x10 block variance analysis as WM-03 and asserts fewer than 20 blocks are uniform. Checks that orientation processing doesn't accidentally introduce watermark-like uniform rectangular artifacts across all 16 orientation variants.","Landscape_{1-8}-*.jpg, Portrait_{1-8}-*.jpg",,,,,,,,,,,,,,,,,,,
,,,,,,,,,,,,,,,,,,,,,,,,
API tests,,,,,,,,,,,,,,,,,,,,,,,,
Image Quality (API),,,,,,,,,,,,,,,,,,,,,,,,
,IQ-01,JPEG quality preserved at each CDN size tier,Uploads JPEG and computes SSIM per tier against locally resized version,"Uploads quality-detail.jpg to the test album via the SmugMug Upload API. Queries !sizedetails to get all CDN size tier URLs and dimensions. For each non-original tier, downloads the served image and also creates a locally resized version of the source at the same dimensions using sharp. Computes SSIM between the two. Fails if any tier drops below 0.90, indicating the SmugMug resize/re-encode pipeline introduced visible quality degradation.",quality-detail.jpg,,,,,,,,,,,,,,,,,,,
,IQ-02,Original download matches uploaded file,Compares MD5 of ArchivedUri download against source file,"After uploading quality-detail.jpg, fetches the image record from the API to get ArchivedUri and ArchivedMD5. Computes MD5 (base64) of the original source file and asserts it matches ArchivedMD5. Then downloads the file from ArchivedUri and computes MD5 of the downloaded bytes, asserting it also matches. Ensures the original is stored bit-for-bit without any modification.",quality-detail.jpg,,,,,,,,,,,,,,,,,,,
,IQ-03,Original download preserves file size,Compares ArchivedSize API field against source file byte count,"After uploading quality-detail.jpg, reads the ArchivedSize field from the API image record and compares it against the source file's byte count from fs.statSync. Asserts exact match. Catches silent re-encoding of originals that would change file size even if visual quality appears preserved.",quality-detail.jpg,,,,,,,,,,,,,,,,,,,
,IQ-04,No double-compression on JPEG uploads,Fetches largest non-original tier and compares SSIM against locally resized Q95,"After uploading quality-detail.jpg, finds the largest non-original size tier from !sizedetails (L or XL). Downloads that tier. Also creates a local reference by resizing the source to the same dimensions and encoding as JPEG Q95 using sharp. Computes SSIM between the SmugMug tier and the local reference. Fails below 0.90, which would indicate double-compression artifacts from re-encoding an already-compressed JPEG.",quality-detail.jpg,,,,,,,,,,,,,,,,,,,
,IQ-05,PNG served losslessly at original size,Downloads ArchivedUri and verifies pixel-perfect MD5 match,"Uploads quality-reference.png to the test album. Fetches the image record to get ArchivedUri. Downloads the archived file and computes MD5 hex hash. Compares against MD5 of the original source file. Asserts exact match, ensuring PNG originals are stored without any lossy conversion or re-encoding.",quality-reference.png,,,,,,,,,,,,,,,,,,,
,IQ-06,PNG resized tiers convert to JPEG acceptably,Fetches M and L tiers of uploaded PNG and compares SSIM,"After uploading quality-reference.png, queries !sizedetails and filters for M and L tiers. For each, downloads the served image (which SmugMug converts from PNG to JPEG for resized tiers). Creates a local reference by resizing the source PNG to the same dimensions. Computes SSIM between the SmugMug JPEG tier and the local reference. Fails below 0.90.",quality-reference.png,,,,,,,,,,,,,,,,,,,
,IQ-07,GIF upload preserves original,Uploads GIF and verifies ArchivedUri MD5 matches source,Uploads quality-reference.gif to the test album. Fetches the image record to get ArchivedUri. Downloads the archived file and computes MD5 hex hash. Compares against MD5 of the source GIF. Asserts exact match. Skipped if the GIF file doesn't exist in TEST_IMAGES_DIR.,quality-reference.gif,,,,,,,,,,,,,,,,,,,
,IQ-08,HEIC upload produces viewable JPEG conversion,Uploads HEIC and verifies L/XL tier is valid JPEG with positive dimensions,Uploads quality-reference.heic to the test album. Queries !sizedetails and finds the L or XL tier. Downloads that tier and checks the first two bytes are 0xFF 0xD8 (JPEG magic number). Opens with sharp and asserts width > 0 and height > 0. Validates SmugMug's HEIC-to-JPEG conversion pipeline produces a viewable result. Skipped if the HEIC file doesn't exist.,quality-reference.heic,,,,,,,,,,,,,,,,,,,
,IQ-09,High-ISO image doesn't gain artifacts after resize,Uploads noisy image and compares L tier SSIM against locally resized version,"Uploads quality-noisy.jpg to the test album. Finds the L tier from !sizedetails. Downloads it and also creates a locally resized version of the source at the same dimensions. Computes SSIM between them. Fails below 0.90, catching sharpening halos or noise amplification that SmugMug's resize pipeline might introduce on noisy images.",quality-noisy.jpg,,,,,,,,,,,,,,,,,,,
,IQ-10,Image sharpness maintained after resize,Uploads resolution chart and measures Laplacian variance on M and L tiers,"Uploads quality-resolution-chart.jpg (containing fine lines and high-contrast patterns) to the test album. Finds M and L tiers from !sizedetails. Downloads each, converts to greyscale, applies Laplacian edge detection, and computes variance. Asserts variance > 50 for each tier, catching over-smoothing or loss of fine detail in the resize pipeline.",quality-resolution-chart.jpg,,,,,,,,,,,,,,,,,,,
,,,,,,,,,,,,,,,,,,,,,,,,
Image Sizing (API),,,,,,,,,,,,,,,,,,,,,,,,
,SZ-01,Each CDN tier serves correct pixel dimensions,Downloads each tier and verifies actual dimensions match !sizedetails,"After uploading c-sizing-landscape.jpg, queries !sizedetails to get all tier URLs with their reported Width and Height. For each tier, downloads the actual image and reads dimensions from sharp metadata. Asserts the actual pixel dimensions exactly match the API-reported dimensions. Catches mismatches between what the API claims and what's actually served.",c-sizing-landscape.jpg,,,,,,,,,,,,,,,,,,,
,SZ-02,Aspect ratio preserved across all tiers,Compares each tier's aspect ratio against OriginalWidth/OriginalHeight,"Computes the source aspect ratio from OriginalWidth/OriginalHeight on the API image record. For each non-original tier from !sizedetails, computes the tier's aspect ratio from its Width/Height. Asserts the difference is ≤ 0.02. Detects cropping, padding, or stretching introduced during resize.",c-sizing-landscape.jpg,,,,,,,,,,,,,,,,,,,
,SZ-03,Landscape image longest edge matches tier spec,Verifies each tier's longest edge is positive for 6000x4000 upload,"Queries !sizedetails for the uploaded 6000x4000 landscape image. For each non-original tier, computes the longest edge and asserts it's positive. Validates SmugMug's tier sizing logic generates reasonable dimensions for standard landscape images.",c-sizing-landscape.jpg,,,,,,,,,,,,,,,,,,,
,SZ-04,Portrait image longest edge matches tier spec,"Uploads 4000x6000 portrait, verifies height >= width at every tier","Uploads c-sizing-portrait.jpg (4000x6000). Queries !sizedetails. For each non-original tier, asserts height >= width. Catches orientation-unaware resize logic that treats all images as landscape and produces landscape-oriented tiers for portrait uploads.",c-sizing-portrait.jpg,,,,,,,,,,,,,,,,,,,
,SZ-05,Square image both edges match tier spec,"Uploads 5000x5000 square, verifies width === height at every tier","Uploads c-sizing-square.jpg (5000x5000). Queries !sizedetails. For each non-original tier, asserts width === height. Catches rounding errors in resize logic that break the 1:1 aspect ratio by even one pixel.",c-sizing-square.jpg,,,,,,,,,,,,,,,,,,,
,SZ-06,Panoramic image sizing preserves aspect ratio,"Uploads 12000x2000 panoramic, checks ratio drift per tier","Uploads c-sizing-panoramic.jpg (12000x2000, ratio 6:1). Computes source ratio from API OriginalWidth/OriginalHeight. For each non-original tier, checks the tier ratio doesn't drift more than 0.1 from the source. Validates extreme aspect ratios aren't cropped or padded during resize.",c-sizing-panoramic.jpg,,,,,,,,,,,,,,,,,,,
,SZ-07,Very tall image sizing preserves aspect ratio,"Uploads 2000x10000 tall image, checks ratio drift per tier","Uploads c-sizing-tall.jpg (2000x10000, ratio 1:5). Same ratio drift check as SZ-06 but for extreme vertical images. Catches height truncation or padding in the resize pipeline.",c-sizing-tall.jpg,,,,,,,,,,,,,,,,,,,
,SZ-08,Small source not upscaled beyond original,"Uploads 400x300 image, verifies no tier exceeds 400x300","Uploads c-sizing-small.jpg (400x300). Queries !sizedetails. For every tier (including larger ones like L and XL), asserts width ≤ 400 and height ≤ 300. Catches upscaling bugs where the CDN generates tiers larger than the source image's native resolution.",c-sizing-small.jpg,,,,,,,,,,,,,,,,,,,
,SZ-09,!largestimage returns highest available dimensions,Queries !largestimage and verifies valid URL with dimensions ≤ original,Queries both the image record (for OriginalWidth/OriginalHeight) and !largestimage endpoint. Asserts !largestimage returns a valid URL with dimensions that don't exceed the original. Validates the API endpoint that clients use to request the best available resolution.,c-sizing-landscape.jpg,,,,,,,,,,,,,,,,,,,
,SZ-10,OriginalWidth/Height match source file,Compares API OriginalWidth/OriginalHeight against sharp metadata of source,Reads the source file's dimensions from sharp metadata. Queries the API image record for OriginalWidth and OriginalHeight. Asserts exact match. Catches dimension reporting bugs in the upload pipeline where the API reports different dimensions than the actual file contains.,c-sizing-landscape.jpg,,,,,,,,,,,,,,,,,,,
,SZ-11,OriginalSize matches source file byte count,Compares API OriginalSize against source file byte count,Reads the source file's byte count from fs.statSync. Queries the API image record for OriginalSize. Asserts exact match. Catches file size reporting errors that would break download progress indicators or storage quota calculations.,c-sizing-landscape.jpg,,,,,,,,,,,,,,,,,,,
,,,,,,,,,,,,,,,,,,,,,,,,
EXIF Orientation (API),,,,,,,,,,,,,,,,,,,,,,,,
,OR-01 to OR-08 (x8),Orientation N served image is corrected,"Uploads all 8 orientation variants, fetches L/XL tier, verifies valid dimensions","Uploads all 8 landscape orientation variants (tags 1–8) to the test album. For each, queries !sizedetails and finds the L or XL tier. Downloads the tier image and opens with sharp to verify it has positive dimensions. Confirms SmugMug's pipeline processes all 8 EXIF orientation tags without producing corrupt or zero-dimension output.",Landscape_{1-8}-*.jpg,,,,,,,,,,,,,,,,,,,
,OR-09,Orientation 6 updates API dimensions to display-corrected,"Uploads 6000x4000 with orientation 6, checks OriginalWidth ≤ OriginalHeight","Uploads the 6000x4000 orientation-6 image (raw pixels are landscape, but EXIF tag 6 means it should display as portrait). Queries the API image record and asserts OriginalWidth ≤ OriginalHeight. Validates that SmugMug reports display-corrected dimensions (4000x6000 portrait) rather than raw pixel dimensions (6000x4000 landscape).",c-Landscape_6-Rotated-90-CW-6000x4000.jpg,,,,,,,,,,,,,,,,,,,
,OR-10,Orientation 6 is portrait across all size tiers,"Fetches all tiers for orientation-6 image, verifies height >= width","Queries !sizedetails for the orientation-6 image. For each non-original tier, asserts height >= width. Catches tiers that serve the uncorrected landscape orientation — every tier should be portrait after orientation correction.",c-Landscape_6-Rotated-90-CW-6000x4000.jpg,,,,,,,,,,,,,,,,,,,
,OR-11,Orientation 6 renders as portrait in Lightbox,"Opens image in Lightbox, checks rendered bounding box is taller than wide","Navigates to the orientation-6 image's WebUri in a Playwright browser. Waits for the first visible img element, reads its bounding box, and asserts height > width. Validates end-to-end orientation correction from upload through CDN through browser rendering.",c-Landscape_6-Rotated-90-CW-6000x4000.jpg,,,,,,,,,,,,,,,,,,,
,OR-12,Orientation 6 thumbnail is portrait in gallery,"Navigates to Organize view, verifies thumbnails are present",Navigates to the Organize view for the test album. Waits for thumbnails to load and counts img elements with SmugMug URLs. Asserts at least one thumbnail is present. A best-effort check that the gallery view renders orientation-corrected thumbnails.,c-Landscape_6-Rotated-90-CW-6000x4000.jpg,,,,,,,,,,,,,,,,,,,
,,,,,,,,,,,,,,,,,,,,,,,,
Metadata Preservation (API),,,,,,,,,,,,,,,,,,,,,,,,
,MP-01,Camera make and model preserved,"Queries !metadata, verifies Make and Model fields present",Uploads metadata-rich.jpg to the test album. Queries !metadata endpoint. Asserts both Make (or CameraMake) and Model (or CameraModel) fields are truthy. Catches pipelines that strip manufacturer identification during upload processing.,metadata-rich.jpg,,,,,,,,,,,,,,,,,,,
,MP-02,Exposure settings preserved,"Verifies ExposureTime, FNumber, ISO present in !metadata","Queries !metadata for the uploaded metadata-rich.jpg. Asserts ExposureTime (or Exposure), FNumber (or Aperture), and ISO (or ISOSpeedRatings) are all defined. Validates the three core exposure triangle values survive SmugMug's upload pipeline.",metadata-rich.jpg,,,,,,,,,,,,,,,,,,,
,MP-03,Focal length preserved,Verifies FocalLength present in !metadata,Queries !metadata for the uploaded metadata-rich.jpg. Asserts FocalLength is defined. Ensures lens focal length data survives for photographers who filter or search by lens characteristics.,metadata-rich.jpg,,,,,,,,,,,,,,,,,,,
,MP-04,DateTimeOriginal preserved,Verifies DateTimeOriginal present in !metadata,"Queries !metadata for the uploaded metadata-rich.jpg. Asserts DateTimeOriginal (or DateCreated) is truthy. The most critical metadata field — it drives photo organization, timeline views, sorting, and date-based search throughout SmugMug.",metadata-rich.jpg,,,,,,,,,,,,,,,,,,,
,MP-05,GPS coordinates preserved,Checks Latitude/Longitude on image object and in !metadata,"Queries both the image record (for Latitude/Longitude) and !metadata (for GPSLatitude/GPSLongitude). If the source EXIF contains GPS data, asserts at least one endpoint reports non-zero coordinates. Validates geotagging data survives for map and location features.",metadata-rich.jpg,,,,,,,,,,,,,,,,,,,
,MP-06,GPS matches between image and metadata endpoints,Cross-checks GPS coordinates between image object and !metadata,"Queries both the image record and !metadata for GPS coordinates. If the image record has non-zero Latitude, checks that !metadata reports a matching value within 0.01 degrees. Catches inconsistencies between two API endpoints that should agree on the same GPS data.",metadata-rich.jpg,,,,,,,,,,,,,,,,,,,
,MP-07,Lens info preserved,Verifies LensModel or LensInfo present in !metadata,"Queries !metadata for the uploaded metadata-rich.jpg. Checks for LensModel, LensInfo, or Lens fields. If the source EXIF contains lens data, asserts at least one of these fields is truthy. Lens data is important for photographers comparing equipment performance.",metadata-rich.jpg,,,,,,,,,,,,,,,,,,,
,MP-08,White balance preserved,Verifies WhiteBalance present in !metadata,"Queries !metadata for the uploaded metadata-rich.jpg. If the source EXIF contains a WhiteBalance value, asserts the API also returns it. Lower priority field but still expected to survive processing.",metadata-rich.jpg,,,,,,,,,,,,,,,,,,,
,MP-09,Flash status preserved,Verifies Flash value present in !metadata,"Queries !metadata for the uploaded metadata-rich.jpg. If the source EXIF contains a Flash value, asserts the API also returns it. Flash data helps photographers understand lighting conditions for each shot.",metadata-rich.jpg,,,,,,,,,,,,,,,,,,,
,MP-10,Copyright field preserved,Verifies Copyright present in !metadata,"Queries !metadata for the uploaded metadata-rich.jpg. If the source EXIF contains a Copyright string, asserts the API returns it. Critical for professional photographers — copyright must never be stripped during upload processing.",metadata-rich.jpg,,,,,,,,,,,,,,,,,,,
,MP-11,Artist/Author field preserved,Verifies Artist or Author present in !metadata,"Queries !metadata for the uploaded metadata-rich.jpg. If the source EXIF contains an Artist field, asserts the API returns Artist or Author. Attribution data that photographers embed in their files for credit purposes.",metadata-rich.jpg,,,,,,,,,,,,,,,,,,,
,MP-12,IPTC caption preserved as Caption,"Uploads metadata-iptc.jpg, verifies Caption field populated",Uploads metadata-iptc.jpg (which has IPTC caption data embedded). Queries both the image record (for Caption) and !metadata (for Caption or Caption-Abstract). Asserts the caption field is populated with a non-empty value. Validates IPTC caption data maps correctly to SmugMug's Caption field.,metadata-iptc.jpg,,,,,,,,,,,,,,,,,,,
,MP-13,IPTC keywords preserved as Keywords,Verifies KeywordArray populated with keywords from IPTC data,Queries the image record for the uploaded metadata-iptc.jpg. Reads the KeywordArray field and asserts it's defined and contains at least one keyword. Keywords drive search and organization features — they must survive the upload pipeline.,metadata-iptc.jpg,,,,,,,,,,,,,,,,,,,
,MP-14,UserComment EXIF field preserved,Verifies UserComment present in !metadata,"Queries !metadata for the uploaded metadata-rich.jpg. If the source EXIF contains a UserComment field, asserts the API returns it. A free-text field some photographers use for notes or processing history.",metadata-rich.jpg,,,,,,,,,,,,,,,,,,,
,,,,,,,,,,,,,,,,,,,,,,,,
Metadata Display (API),,,,,,,,,,,,,,,,,,,,,,,,
,MD-01,Lightbox info panel shows camera make/model,"Opens Lightbox, presses i, checks page content for camera brand names","Navigates to the uploaded metadata-rich.jpg's WebUri. Presses 'i' to open the Lightbox info panel. Reads the full page text content and checks for common camera brand names (Canon, Nikon, Sony, Apple, FUJIFILM). A soft check since page structure varies across SmugMug themes.",metadata-rich.jpg,,,,,,,,,,,,,,,,,,,
,MD-02,Lightbox info panel shows exposure settings,"Checks page content for f-stop, ISO, shutter speed patterns","Opens the Lightbox info panel for metadata-rich.jpg. Scans page text for exposure-related patterns: f/ followed by a digit (aperture), ISO followed by digits, or 1/ followed by digits (shutter speed). Validates exposure data is formatted and displayed.",metadata-rich.jpg,,,,,,,,,,,,,,,,,,,
,MD-03,Lightbox info panel shows focal length,Checks page content for mm focal length pattern,Opens the Lightbox info panel for metadata-rich.jpg. Scans page text for a number followed by 'mm' (case-insensitive). Validates focal length is displayed in the info panel.,metadata-rich.jpg,,,,,,,,,,,,,,,,,,,
,MD-04,Lightbox info panel shows date taken,Checks page content for date patterns,Opens the Lightbox info panel for metadata-rich.jpg. Scans page text for a 4-digit year and a month name or numeric date pattern. Validates the capture date is displayed.,metadata-rich.jpg,,,,,,,,,,,,,,,,,,,
,MD-05,Lightbox shows GPS when Geography enabled,Checks page content for coordinates or location text,"Opens the Lightbox info panel for metadata-rich.jpg. Scans page text for decimal coordinate patterns, 'Map', or 'Location' text. Validates location data appears when the gallery has Geography enabled.",metadata-rich.jpg,,,,,,,,,,,,,,,,,,,
,MD-06,Lightbox hides GPS when Geography disabled,Skipped — requires gallery setting toggle,"Skipped — requires toggling the gallery's Geography setting via the SmugMug admin UI, which is not automated in this test suite. Would verify no location data appears in the info panel after disabling Geography.",metadata-rich.jpg,,,,,,,,,,,,,,,,,,,
,MD-07,Lightbox hides GPS when site-level GPS off,Skipped — requires site setting toggle,"Skipped — requires toggling the site-level GPS privacy setting in Site Settings, which is not automated. Would verify no location data appears after disabling GPS at the site level.",metadata-rich.jpg,,,,,,,,,,,,,,,,,,,
,MD-08,EXIF hidden when gallery EXIF setting is off,Skipped — requires gallery setting toggle,"Skipped — requires toggling the gallery's EXIF display setting, which is not automated. Would verify the Lightbox info panel hides all EXIF fields when the setting is off.",metadata-rich.jpg,,,,,,,,,,,,,,,,,,,
,MD-09,Stripped image info panel has no undefined/null text,"Opens Lightbox for stripped image, checks body for undefined/null",Navigates to the uploaded metadata-stripped.jpg's WebUri. Presses 'i' to open the info panel. Reads the full page text and asserts it does not contain the literal strings 'undefined' or 'null'. Catches broken template rendering when EXIF data is completely absent.,metadata-stripped.jpg,,,,,,,,,,,,,,,,,,,
,,,,,,,,,,,,,,,,,,,,,,,,
Metadata API (API),,,,,,,,,,,,,,,,,,,,,,,,
,MA-01,!metadata returns key EXIF fields,"Queries !metadata, checks for Make/Model/ExposureTime/FNumber/ISO/FocalLength/DateTimeOriginal","Uploads metadata-rich.jpg and queries !metadata. Checks for the presence of Make, Model, ExposureTime, FNumber, ISO, FocalLength, and DateTimeOriginal (including common variant key names). Counts how many are found and asserts at least 5 of 7 are present. Validates the API returns the expected superset of camera EXIF fields.",metadata-rich.jpg,,,,,,,,,,,,,,,,,,,
,MA-02,!metadata for stripped image returns without error,"Queries !metadata for stripped image, verifies no camera fields and no error","Uploads metadata-stripped.jpg and queries !metadata. Asserts the response is defined (no HTTP error). Then checks that camera fields (Make, Model, ExposureTime, FNumber) are all absent. Ensures the API handles missing metadata gracefully rather than erroring or inventing default values.",metadata-stripped.jpg,,,,,,,,,,,,,,,,,,,
,MA-03,Format field matches uploaded file format,Checks Format field on image object contains jpg,Queries the image record for the uploaded metadata-rich.jpg. Reads the Format field and asserts it contains 'jpg' (case-insensitive). Validates format detection in the upload pipeline — a wrong format would cause incorrect content-type headers.,metadata-rich.jpg,,,,,,,,,,,,,,,,,,,
,MA-04,FileName preserves original filename,Checks FileName field matches metadata-rich.jpg,"Queries the image record for the uploaded metadata-rich.jpg. Reads the FileName field and asserts it exactly equals 'metadata-rich.jpg'. Catches filename mangling during upload where the pipeline might rename, sanitize, or truncate the original filename.",metadata-rich.jpg,,,,,,,,,,,,,,,,,,,
,MA-05,KeywordArray round-trips correctly,"PATCHes keywords, GETs image, verifies all keywords returned","PATCHes the image record with KeywordArray: ['sunset', 'ocean', 'HDR']. Then GETs the image record and reads KeywordArray. Asserts all three keywords are present in the returned array. Validates the keyword write/read cycle through the API — keywords drive search and organization.",metadata-rich.jpg,,,,,,,,,,,,,,,,,,,
,MA-06,Title/Caption round-trip with special characters,"PATCHes title/caption with unicode/emoji/special chars, verifies exact match","PATCHes the image record with a title containing em-dashes, accented characters, and emoji (🌅), and a caption containing umlauts, smart quotes, and Japanese characters. GETs the image record and asserts both Title and Caption exactly match what was sent. Catches encoding bugs that mangle non-ASCII text.",metadata-rich.jpg,,,,,,,,,,,,,,,,,,,
,MA-07,!regions returns face/object regions for XMP image,"Uploads XMP regions image, queries !regions, verifies regions returned",Uploads c-metadata-xmp-regions.jpg (which has XMP face region data embedded). Queries !regions endpoint. Asserts at least one region is returned. Validates that SmugMug parses XMP face/object region data and makes it accessible through the API. Skipped if the XMP regions file doesn't exist.,c-metadata-xmp-regions.jpg,,,,,,,,,,,,,,,,,,,
,,,,,,,,,,,,,,,,,,,,,,,,
Point of Interest (API),,,,,,,,,,,,,,,,,,,,,,,,
,POI-01,Default POI is near geometric center,"Queries !pointofinterest before setting one, checks coordinates within bounds","Uploads c-poi-test.jpg and queries !pointofinterest before setting any POI. If a default POI is returned, asserts x and y are both between 0 and 1. Validates the default crop center behavior — images with no explicit POI should either return null or center coordinates.",c-poi-test.jpg,,,,,,,,,,,,,,,,,,,
,POI-02,Setting POI updates crop center,"Sets POI to (0.25, 0.25) via API, reads back, verifies match","Sets the Point of Interest to (0.25, 0.25) via PATCH to !pointofinterest. Then GETs !pointofinterest and asserts the returned x is close to 0.25 and y is close to 0.25 (within 0.1 tolerance). Validates the POI write/read round-trip through the API.",c-poi-test.jpg,,,,,,,,,,,,,,,,,,,
,POI-03,POI behavior after image replace,"Sets POI, replaces image via upload API, checks persistence","Sets POI to (0.75, 0.75), then replaces the image by uploading c-sizing-landscape.jpg with the replaceImageUri option pointing to the original upload. Queries !pointofinterest after replacement and logs whether the POI persisted or reset. Asserts coordinates are within valid bounds if present. Documents the platform's POI persistence behavior.",c-poi-test.jpg + c-sizing-landscape.jpg,,,,,,,,,,,,,,,,,,,
,POI-04,POI coordinates round-trip correctly,"Sets POI to (0.33, 0.67), reads back, verifies within tolerance","Sets POI to (0.33, 0.67) via PATCH. GETs !pointofinterest and asserts x is close to 0.33 and y is close to 0.67 (within 0.1 tolerance). Tests a different coordinate pair than POI-02 to validate precision across the coordinate space.",c-poi-test.jpg,,,,,,,,,,,,,,,,,,,
,POI-05,POI affects all cropped size tiers,"Sets POI, queries !sizedetails, verifies all tiers generated","Sets POI to (0.25, 0.25), then queries !sizedetails. Asserts at least one tier is returned and every tier has positive width and height. Confirms that setting a POI doesn't break tier generation — all tiers should still be produced normally.",c-poi-test.jpg,,,,,,,,,,,,,,,,,,,
,,,,,,,,,,,,,,,,,,,,,,,,
Watermark (API),,,,,,,,,,,,,,,,,,,,,,,,
,WM-01,Watermark present on visitor-facing tiers,"Uploads to watermark-enabled gallery, fetches all tiers, verifies valid images","Uploads c-watermark-test.jpg to the test album. Queries the image record to check the Watermark boolean flag. Queries !sizedetails and downloads every tier, asserting each has non-zero byte length. Validates watermarked tiers are generated and downloadable. Actual watermark pixel verification depends on gallery watermark settings being enabled.",c-watermark-test.jpg,,,,,,,,,,,,,,,,,,,
,WM-02,Owner download has no watermark (MD5 matches source),Downloads ArchivedUri as owner and compares MD5 against source,Downloads the archived original from ArchivedUri (as the authenticated owner). Computes MD5 hex hash of the download and compares against MD5 of the source file. Asserts exact match. The owner's archived download should never contain a watermark regardless of gallery settings.,c-watermark-test.jpg,,,,,,,,,,,,,,,,,,,
,WM-03,Archived original has no watermark,Checks ArchivedSize matches source file byte count,"Reads ArchivedSize from the API image record and compares against the source file's byte count from fs.statSync. Asserts exact match. A complementary check to WM-02 — if the archived file has a watermark baked in, its size would differ from the source.",c-watermark-test.jpg,,,,,,,,,,,,,,,,,,,
,WM-04,Watermark pixel diff between tiers is consistent,"Downloads small and large tiers, verifies both are valid images",Downloads both a small tier (Th or S) and a large tier (L or XL) from !sizedetails. Opens each with sharp and asserts positive dimensions. Validates that watermark rendering (if enabled) doesn't corrupt or break images at different tier sizes.,c-watermark-test.jpg,,,,,,,,,,,,,,,,,,,
,WM-05,All tiers are valid images (watermark scaling check),"Downloads every tier, verifies actual dimensions match API-reported dimensions","Downloads every tier from !sizedetails. For each, opens with sharp and asserts the actual pixel dimensions match the API-reported Width and Height. Catches watermark rendering bugs that might corrupt specific tier sizes or produce dimension mismatches.",c-watermark-test.jpg,,,,,,,,,,,,,,,,,,,
,,,,,,,,,,,,,,,,,,,,,,,,
Resolution Cap (API),,,,,,,,,,,,,,,,,,,,,,,,
,RC-01,No tier exceeds resolution cap,"Fetches all tiers, verifies no non-original tier exceeds TEST_RESOLUTION_CAP_MAX","Uploads c-resolution-cap-test.jpg. Queries !sizedetails. For each non-original tier, computes the longest edge and asserts it's ≤ TEST_RESOLUTION_CAP_MAX. Skipped if the env var is not set. Enforces the display resolution cap across all CDN tiers for visitor-facing images.",c-resolution-cap-test.jpg,,,,,,,,,,,,,,,,,,,
,RC-02,Owner can access full resolution tiers,"Queries !largestimage as owner, verifies full resolution accessible",Queries both the image record (for OriginalWidth/OriginalHeight) and !largestimage endpoint as the authenticated owner. Asserts !largestimage returns a valid URL with positive dimensions. Ensures the resolution cap doesn't affect the owner's access to their own full-resolution images.,c-resolution-cap-test.jpg,,,,,,,,,,,,,,,,,,,
,RC-03,Owner archived download is full resolution,"Downloads ArchivedUri, verifies dimensions match source file",Reads the source file's dimensions from sharp metadata. Queries the API image record for OriginalWidth/OriginalHeight and asserts they match the source. Downloads ArchivedUri and reads dimensions from the downloaded buffer. Asserts those also match. Confirms the resolution cap doesn't affect the stored original.,c-resolution-cap-test.jpg,,,,,,,,,,,,,,,,,,,
,RC-04,Lightbox image respects resolution cap,"Opens Lightbox, inspects loaded image dimensions against cap","Navigates to the image's WebUri in a Playwright browser. Waits for network idle. Evaluates all img elements in the DOM to find one with naturalWidth > 100. Reads its dimensions and asserts the longest edge is ≤ TEST_RESOLUTION_CAP_MAX. Skipped if the env var is not set. Validates the cap is enforced in the browser viewer, not just at the API level.",c-resolution-cap-test.jpg,,,,,,,,,,,,,,,,,,,
,,,,,,,,,,,,,,,,,,,,,,,,
Text Over Image (API),,,,,,,,,,,,,,,,,,,,,,,,
,TO-01,HEIC with text overlay converts to viewable JPEG tiers,"Uploads HEIC, fetches L/XL tier, verifies valid JPEG with positive dimensions",Uploads text-over-image.heic (a portrait iPhone photo with text overlaid) to the test album. Queries !sizedetails and finds the L or XL tier. Downloads it and checks the first two bytes are 0xFF 0xD8 (JPEG magic). Opens with sharp and asserts positive dimensions. Validates SmugMug's HEIC conversion handles images with sharp text edges without producing corrupt output.,text-over-image.heic,,,,,,,,,,,,,,,,,,,
,TO-02,Converted image preserves portrait orientation,Checks OriginalHeight > OriginalWidth on API image object,Queries the API image record for the uploaded text-over-image.heic. Asserts OriginalHeight > OriginalWidth. The source is 3024x4032 (portrait) — this catches orientation bugs where a portrait HEIC gets converted to landscape during the HEIC-to-JPEG conversion pipeline.,text-over-image.heic,,,,,,,,,,,,,,,,,,,
,TO-03,All size tiers maintain portrait aspect ratio,"Fetches all tiers, verifies height >= width at every tier","Queries !sizedetails for the uploaded HEIC. For each non-original tier, asserts height >= width. Ensures the portrait orientation is preserved across the full CDN tier stack, not just the original — every served size should be portrait.",text-over-image.heic,,,,,,,,,,,,,,,,,,,
,TO-04,Text sharpness preserved in converted L tier,Downloads L tier and measures Laplacian variance (must be > 50),"Downloads the L or XL tier of the converted HEIC. Converts to greyscale with sharp, applies Laplacian edge detection across all interior pixels, and computes variance. Asserts variance > 50. Text overlays produce high-contrast edges — low variance would mean the HEIC-to-JPEG conversion blurred or smeared the text.",text-over-image.heic,,,,,,,,,,,,,,,,,,,
,TO-05,Archived original matches source file,Compares ArchivedSize and downloaded byte count against source,Reads ArchivedSize from the API image record and compares against the source HEIC file's byte count. Downloads ArchivedUri and checks the downloaded byte count also matches. Ensures the original HEIC is stored unmodified even though served tiers are converted to JPEG.,text-over-image.heic,,,,,,,,,,,,,,,,,,,
